,IPW-Impute,DR-Impute,IPCW,CDR
PC 300,0.49306930693069306,0.1782178217821782,0.5306930693069307,0.17722772277227722
