,IPW-Impute,DR-Impute,IPCW,CDR
PC 350,0.6059405940594059,0.09504950495049505,0.2940594059405941,0.07821782178217822
