,IPW-Impute,DR-Impute,IPCW,CDR
PC 350,0.37722772277227723,0.14851485148514848,0.404950495049505,0.04257425742574258
