,IPW-Impute,DR-Impute,IPCW,CDR
PC 300,0.49504950495049505,0.14752475247524752,0.5504950495049504,0.16435643564356436
