,IPW-Impute,DR-Impute,IPCW,CDR
PC 1,0.009900990099009901,0.16237623762376238,0.009900990099009901,0.300990099009901
PC 10,0.009900990099009901,0.17623762376237626,0.009900990099009901,0.46336633663366333
PC 100,0.009900990099009901,0.22970297029702974,0.201980198019802,0.31485148514851485
PC 200,0.009900990099009901,0.20990099009900992,0.40594059405940597,0.5366336633663367
PC 500,0.009900990099009901,0.1603960396039604,0.100990099009901,0.2118811881188119
