,IPW-Impute,DR-Impute,IPCW,CDR
PC 300,0.3930693069306931,0.2237623762376238,0.5485148514851486,0.12673267326732673
