,IPW-Impute,DR-Impute,IPCW,CDR
PC 300,0.3504950495049505,0.4663366336633664,0.5198019801980198,0.1306930693069307
