,IPW-Impute,DR-Impute,IPCW,CDR
PC 300,0.3673267326732673,0.12079207920792082,0.17623762376237623,0.09405940594059406
