,IPW-Impute,DR-Impute,IPCW,CDR
PC 300,0.4762376237623762,0.1534653465346535,0.2722772277227723,0.057425742574257435
