,IPW-Impute,DR-Impute,IPCW,CDR
PC 300,0.3495049504950495,0.14653465346534653,0.15742574257425743,0.057425742574257435
