,IPW-Impute,DR-Impute,IPCW,CDR
PC 1,0.0099009900990099,0.20990099009900987,0.0099009900990099,0.28712871287128716
PC 10,0.0099009900990099,0.17920792079207923,0.0099009900990099,0.2346534653465347
PC 100,0.0099009900990099,0.16930693069306932,0.0099009900990099,0.24059405940594059
PC 200,0.0099009900990099,0.19603960396039605,0.0099009900990099,0.1930693069306931
PC 500,0.0099009900990099,0.19801980198019806,0.0099009900990099,0.16633663366336632
